gcf_id,bgc_id,membership_value,rank
203601,NZ_CP029196.1.region011,669,0
208355,NZ_CP029196.1.region011,798,1
200946,NZ_CP029196.1.region011,826,2
207795,NZ_CP029196.1.region011,882,3
213140,NZ_CP029196.1.region011,885,4
203037,NZ_CP029196.1.region011,890,5
210179,NZ_CP029196.1.region011,894,6
201041,NZ_CP059991.1.region020,438,0
200946,NZ_CP059991.1.region020,698,1
203037,NZ_CP059991.1.region020,775,2
210179,NZ_CP059991.1.region020,776,3
213140,NZ_CP059991.1.region020,778,4
208355,NZ_CP059991.1.region020,786,5
202433,NZ_CP059991.1.region020,835,6
201637,NZ_CP059991.1.region020,846,7
201682,NZ_CP059991.1.region020,850,8
203815,NZ_CP059991.1.region020,855,9
203601,NZ_CP018074.1.region012,669,0
208355,NZ_CP018074.1.region012,798,1
200946,NZ_CP018074.1.region012,826,2
207795,NZ_CP018074.1.region012,879,3
213140,NZ_CP018074.1.region012,885,4
203037,NZ_CP018074.1.region012,890,5
210179,NZ_CP018074.1.region012,894,6
203601,NZ_CP029197.1.region012,669,0
208355,NZ_CP029197.1.region012,798,1
200946,NZ_CP029197.1.region012,826,2
207795,NZ_CP029197.1.region012,879,3
213140,NZ_CP029197.1.region012,885,4
203037,NZ_CP029197.1.region012,890,5
210179,NZ_CP029197.1.region012,894,6
203601,NZ_WWHE01000001.1.region012,669,0
208355,NZ_WWHE01000001.1.region012,798,1
200946,NZ_WWHE01000001.1.region012,826,2
207795,NZ_WWHE01000001.1.region012,879,3
213140,NZ_WWHE01000001.1.region012,885,4
203037,NZ_WWHE01000001.1.region012,890,5
210179,NZ_WWHE01000001.1.region012,894,6
203601,NC_018750.1.region012,669,0
208355,NC_018750.1.region012,798,1
200946,NC_018750.1.region012,826,2
207795,NC_018750.1.region012,879,3
213140,NC_018750.1.region012,885,4
203037,NC_018750.1.region012,890,5
210179,NC_018750.1.region012,894,6
201041,NZ_CP029196.1.region012,438,0
200946,NZ_CP029196.1.region012,698,1
203037,NZ_CP029196.1.region012,775,2
210179,NZ_CP029196.1.region012,776,3
213140,NZ_CP029196.1.region012,778,4
208355,NZ_CP029196.1.region012,786,5
202433,NZ_CP029196.1.region012,835,6
201637,NZ_CP029196.1.region012,846,7
201682,NZ_CP029196.1.region012,850,8
203815,NZ_CP029196.1.region012,855,9
201041,NZ_CP018074.1.region013,446,0
200946,NZ_CP018074.1.region013,698,1
203037,NZ_CP018074.1.region013,775,2
210179,NZ_CP018074.1.region013,776,3
213140,NZ_CP018074.1.region013,778,4
208355,NZ_CP018074.1.region013,786,5
202433,NZ_CP018074.1.region013,835,6
201637,NZ_CP018074.1.region013,846,7
201682,NZ_CP018074.1.region013,850,8
201830,NZ_CP018074.1.region013,858,9
201041,NZ_CP029197.1.region013,513,0
200946,NZ_CP029197.1.region013,698,1
203037,NZ_CP029197.1.region013,775,2
210179,NZ_CP029197.1.region013,776,3
213140,NZ_CP029197.1.region013,779,4
208355,NZ_CP029197.1.region013,786,5
202433,NZ_CP029197.1.region013,835,6
201637,NZ_CP029197.1.region013,846,7
201682,NZ_CP029197.1.region013,850,8
201830,NZ_CP029197.1.region013,858,9
201041,NC_018750.1.region013,446,0
200946,NC_018750.1.region013,698,1
203037,NC_018750.1.region013,775,2
210179,NC_018750.1.region013,776,3
213140,NC_018750.1.region013,778,4
208355,NC_018750.1.region013,786,5
202433,NC_018750.1.region013,835,6
201637,NC_018750.1.region013,846,7
201682,NC_018750.1.region013,850,8
201830,NC_018750.1.region013,858,9
201041,NZ_WWHE01000001.1.region013,446,0
200946,NZ_WWHE01000001.1.region013,698,1
203037,NZ_WWHE01000001.1.region013,775,2
210179,NZ_WWHE01000001.1.region013,776,3
213140,NZ_WWHE01000001.1.region013,778,4
208355,NZ_WWHE01000001.1.region013,786,5
202433,NZ_WWHE01000001.1.region013,835,6
201637,NZ_WWHE01000001.1.region013,846,7
201682,NZ_WWHE01000001.1.region013,850,8
201830,NZ_WWHE01000001.1.region013,858,9
201041,NZ_JAGIPC010000001.1.region014,438,0
200946,NZ_JAGIPC010000001.1.region014,698,1
203037,NZ_JAGIPC010000001.1.region014,775,2
210179,NZ_JAGIPC010000001.1.region014,776,3
213140,NZ_JAGIPC010000001.1.region014,778,4
208355,NZ_JAGIPC010000001.1.region014,786,5
202433,NZ_JAGIPC010000001.1.region014,835,6
201637,NZ_JAGIPC010000001.1.region014,846,7
201682,NZ_JAGIPC010000001.1.region014,850,8
203815,NZ_JAGIPC010000001.1.region014,855,9
201941,NZ_JAJNOJ010000002.1.region008,713,0
200946,NZ_JAJNOJ010000002.1.region008,843,1
203037,NZ_JAJNOJ010000002.1.region008,890,2
201941,NZ_CP029195.1.region005,571,0
200946,NZ_CP029195.1.region005,695,1
203037,NZ_CP029195.1.region005,774,2
210179,NZ_CP029195.1.region005,776,3
220008,NZ_CP029195.1.region005,776,4
213140,NZ_CP029195.1.region005,776,5
208355,NZ_CP029195.1.region005,787,6
202433,NZ_CP029195.1.region005,832,7
201637,NZ_CP029195.1.region005,840,8
220861,NZ_CP029195.1.region005,845,9
201941,NZ_CP059991.1.region006,768,0
200946,NZ_CP059991.1.region006,862,1
201041,NZ_CP023693.1.region012,438,0
200946,NZ_CP023693.1.region012,698,1
203037,NZ_CP023693.1.region012,775,2
210179,NZ_CP023693.1.region012,776,3
213140,NZ_CP023693.1.region012,778,4
208355,NZ_CP023693.1.region012,786,5
202433,NZ_CP023693.1.region012,835,6
201637,NZ_CP023693.1.region012,846,7
201682,NZ_CP023693.1.region012,850,8
203815,NZ_CP023693.1.region012,855,9
201585,NZ_CP029196.1.region009,778,0
214329,NZ_CP029196.1.region009,858,1
201041,NZ_CP029195.1.region004,708,0
201041,NZ_CP027022.1.region002,751,0
201041,NZ_JAJNOJ010000002.1.region006,716,0
201821,NZ_CP029194.1.region011,724,0
201821,NZ_JAGIPC010000001.1.region021,703,0
200946,NZ_JAGIPC010000001.1.region021,890,1
201041,NZ_JAIHBQ010000001.1.region005,751,0
201585,NZ_CP059991.1.region014,778,0
214329,NZ_CP059991.1.region014,861,1
201041,NC_018750.1.region027,708,0
201041,NZ_CP029196.1.region026,708,0
201041,NZ_KZ819169.1.region011,751,0
201041,NZ_WWHE01000001.1.region027,708,0
201041,NZ_CP029197.1.region027,708,0
201041,NZ_CP023693.1.region023,751,0
201041,NZ_CP018074.1.region027,708,0
201041,NZ_LQYF01000003.1.region002,751,0
201041,NZ_JAAMPB010000002.1.region001,751,0
201041,NZ_JAGIPC010000001.1.region028,707,0
201767,NZ_BNBE01000001.1.region001,412,0
200946,NZ_BNBE01000001.1.region001,859,1
201767,NZ_PDCL01000002.1.region007,389,0
200946,NZ_PDCL01000002.1.region007,859,1
201767,NZ_PDCL01000001.1.region007,563,0
201767,NZ_BNBE01000002.1.region008,563,0
201041,NZ_CP029195.1.region017,438,0
200946,NZ_CP029195.1.region017,698,1
203037,NZ_CP029195.1.region017,775,2
210179,NZ_CP029195.1.region017,776,3
213140,NZ_CP029195.1.region017,778,4
208355,NZ_CP029195.1.region017,786,5
202433,NZ_CP029195.1.region017,835,6
201637,NZ_CP029195.1.region017,846,7
201682,NZ_CP029195.1.region017,850,8
203815,NZ_CP029195.1.region017,855,9
201041,NZ_CP029194.1.region016,446,0
200946,NZ_CP029194.1.region016,698,1
203037,NZ_CP029194.1.region016,775,2
210179,NZ_CP029194.1.region016,776,3
213140,NZ_CP029194.1.region016,778,4
208355,NZ_CP029194.1.region016,786,5
202433,NZ_CP029194.1.region016,835,6
201637,NZ_CP029194.1.region016,846,7
201682,NZ_CP029194.1.region016,850,8
201830,NZ_CP029194.1.region016,858,9
201041,NZ_JAJNOJ010000002.1.region020,438,0
200946,NZ_JAJNOJ010000002.1.region020,698,1
203037,NZ_JAJNOJ010000002.1.region020,775,2
210179,NZ_JAJNOJ010000002.1.region020,776,3
213140,NZ_JAJNOJ010000002.1.region020,778,4
208355,NZ_JAJNOJ010000002.1.region020,786,5
202433,NZ_JAJNOJ010000002.1.region020,835,6
201637,NZ_JAJNOJ010000002.1.region020,846,7
201682,NZ_JAJNOJ010000002.1.region020,850,8
203815,NZ_JAJNOJ010000002.1.region020,855,9
201767,NZ_CP029195.1.region029,738,0
201767,NZ_CP018074.1.region001,738,0
201767,NZ_CP029197.1.region001,738,0
201041,NZ_JAAMPB010000001.1.region001,438,0
200946,NZ_JAAMPB010000001.1.region001,698,1
203037,NZ_JAAMPB010000001.1.region001,775,2
210179,NZ_JAAMPB010000001.1.region001,776,3
213140,NZ_JAAMPB010000001.1.region001,778,4
208355,NZ_JAAMPB010000001.1.region001,786,5
202433,NZ_JAAMPB010000001.1.region001,835,6
201637,NZ_JAAMPB010000001.1.region001,846,7
201682,NZ_JAAMPB010000001.1.region001,850,8
203815,NZ_JAAMPB010000001.1.region001,855,9
201041,NZ_KZ819170.1.region002,438,0
200946,NZ_KZ819170.1.region002,698,1
203037,NZ_KZ819170.1.region002,775,2
210179,NZ_KZ819170.1.region002,776,3
213140,NZ_KZ819170.1.region002,778,4
208355,NZ_KZ819170.1.region002,786,5
202433,NZ_KZ819170.1.region002,835,6
201637,NZ_KZ819170.1.region002,846,7
201682,NZ_KZ819170.1.region002,850,8
203815,NZ_KZ819170.1.region002,855,9
201041,NZ_LQYF01000001.1.region010,438,0
200946,NZ_LQYF01000001.1.region010,698,1
203037,NZ_LQYF01000001.1.region010,775,2
210179,NZ_LQYF01000001.1.region010,776,3
213140,NZ_LQYF01000001.1.region010,778,4
208355,NZ_LQYF01000001.1.region010,786,5
202433,NZ_LQYF01000001.1.region010,835,6
201637,NZ_LQYF01000001.1.region010,846,7
201682,NZ_LQYF01000001.1.region010,850,8
203815,NZ_LQYF01000001.1.region010,855,9
201041,NZ_BNBE01000001.1.region008,455,0
200946,NZ_BNBE01000001.1.region008,698,1
203037,NZ_BNBE01000001.1.region008,775,2
210179,NZ_BNBE01000001.1.region008,776,3
213140,NZ_BNBE01000001.1.region008,778,4
208355,NZ_BNBE01000001.1.region008,786,5
202433,NZ_BNBE01000001.1.region008,835,6
201637,NZ_BNBE01000001.1.region008,846,7
201682,NZ_BNBE01000001.1.region008,850,8
201830,NZ_BNBE01000001.1.region008,858,9
201767,NC_018750.1.region001,738,0
201041,NZ_PDCL01000001.1.region013,455,0
200946,NZ_PDCL01000001.1.region013,698,1
203037,NZ_PDCL01000001.1.region013,775,2
210179,NZ_PDCL01000001.1.region013,776,3
213140,NZ_PDCL01000001.1.region013,778,4
208355,NZ_PDCL01000001.1.region013,786,5
202433,NZ_PDCL01000001.1.region013,835,6
201637,NZ_PDCL01000001.1.region013,846,7
201682,NZ_PDCL01000001.1.region013,850,8
201830,NZ_PDCL01000001.1.region013,858,9
201041,NZ_CP027022.1.region012,438,0
200946,NZ_CP027022.1.region012,698,1
203037,NZ_CP027022.1.region012,775,2
210179,NZ_CP027022.1.region012,776,3
213140,NZ_CP027022.1.region012,778,4
208355,NZ_CP027022.1.region012,786,5
202433,NZ_CP027022.1.region012,835,6
201637,NZ_CP027022.1.region012,846,7
201682,NZ_CP027022.1.region012,850,8
203815,NZ_CP027022.1.region012,855,9
201767,NZ_JAGIPC010000001.1.region007,593,0
201767,NZ_JAJNOJ010000002.1.region028,593,0
201767,NZ_CP029196.1.region001,738,0
201767,NZ_WWHE01000001.1.region001,738,0
201767,NZ_JAIHBQ010000001.1.region026,389,0
200946,NZ_JAIHBQ010000001.1.region026,859,1
201041,NZ_PDCL01000002.1.region001,352,0
200946,NZ_PDCL01000002.1.region001,646,1
203037,NZ_PDCL01000002.1.region001,731,2
210179,NZ_PDCL01000002.1.region001,731,3
203815,NZ_PDCL01000002.1.region001,733,4
213140,NZ_PDCL01000002.1.region001,735,5
208355,NZ_PDCL01000002.1.region001,743,6
202433,NZ_PDCL01000002.1.region001,795,7
201637,NZ_PDCL01000002.1.region001,805,8
201682,NZ_PDCL01000002.1.region001,811,9
201767,NZ_CP059991.1.region003,477,0
201041,NZ_JAIHBQ010000001.1.region016,430,0
200946,NZ_JAIHBQ010000001.1.region016,698,1
203037,NZ_JAIHBQ010000001.1.region016,775,2
210179,NZ_JAIHBQ010000001.1.region016,776,3
213140,NZ_JAIHBQ010000001.1.region016,779,4
208355,NZ_JAIHBQ010000001.1.region016,786,5
202433,NZ_JAIHBQ010000001.1.region016,835,6
203815,NZ_JAIHBQ010000001.1.region016,845,7
201637,NZ_JAIHBQ010000001.1.region016,846,8
201682,NZ_JAIHBQ010000001.1.region016,850,9
201821,NZ_CP059991.1.region023,745,0
201767,NZ_CP023693.1.region003,465,0
200946,NZ_CP023693.1.region003,896,1
201767,NZ_LQYF01000002.1.region002,465,0
200946,NZ_LQYF01000002.1.region002,896,1
201767,NZ_KZ819172.1.region004,465,0
200946,NZ_KZ819172.1.region004,896,1
201767,NZ_CP027022.1.region020,465,0
200946,NZ_CP027022.1.region020,896,1
201767,NZ_JAAMPB010000003.1.region006,465,0
200946,NZ_JAAMPB010000003.1.region006,896,1
201585,NZ_JAGIPC010000001.1.region011,684,0
214329,NZ_JAGIPC010000001.1.region011,781,1
201821,NZ_CP029196.1.region018,801,0
201821,NC_018750.1.region019,801,0
201821,NZ_CP018074.1.region019,801,0
201821,NZ_CP029197.1.region019,801,0
201821,NZ_WWHE01000001.1.region019,801,0
201941,NZ_CP029196.1.region024,571,0
200946,NZ_CP029196.1.region024,695,1
203037,NZ_CP029196.1.region024,774,2
210179,NZ_CP029196.1.region024,776,3
220008,NZ_CP029196.1.region024,776,4
213140,NZ_CP029196.1.region024,776,5
208355,NZ_CP029196.1.region024,787,6
202433,NZ_CP029196.1.region024,832,7
201637,NZ_CP029196.1.region024,840,8
220861,NZ_CP029196.1.region024,845,9
201941,NZ_CP029197.1.region025,571,0
200946,NZ_CP029197.1.region025,695,1
203037,NZ_CP029197.1.region025,774,2
210179,NZ_CP029197.1.region025,776,3
220008,NZ_CP029197.1.region025,776,4
213140,NZ_CP029197.1.region025,776,5
208355,NZ_CP029197.1.region025,787,6
202433,NZ_CP029197.1.region025,832,7
201637,NZ_CP029197.1.region025,840,8
220861,NZ_CP029197.1.region025,845,9
201941,NZ_CP018074.1.region025,571,0
200946,NZ_CP018074.1.region025,695,1
203037,NZ_CP018074.1.region025,774,2
210179,NZ_CP018074.1.region025,776,3
220008,NZ_CP018074.1.region025,776,4
213140,NZ_CP018074.1.region025,776,5
208355,NZ_CP018074.1.region025,787,6
202433,NZ_CP018074.1.region025,832,7
201637,NZ_CP018074.1.region025,840,8
220861,NZ_CP018074.1.region025,845,9
201941,NZ_WWHE01000001.1.region025,571,0
200946,NZ_WWHE01000001.1.region025,695,1
203037,NZ_WWHE01000001.1.region025,774,2
210179,NZ_WWHE01000001.1.region025,776,3
220008,NZ_WWHE01000001.1.region025,776,4
213140,NZ_WWHE01000001.1.region025,776,5
208355,NZ_WWHE01000001.1.region025,787,6
202433,NZ_WWHE01000001.1.region025,832,7
201637,NZ_WWHE01000001.1.region025,840,8
220861,NZ_WWHE01000001.1.region025,845,9
201941,NC_018750.1.region025,571,0
200946,NC_018750.1.region025,695,1
203037,NC_018750.1.region025,774,2
210179,NC_018750.1.region025,776,3
220008,NC_018750.1.region025,776,4
213140,NC_018750.1.region025,776,5
208355,NC_018750.1.region025,787,6
202433,NC_018750.1.region025,832,7
201637,NC_018750.1.region025,840,8
220861,NC_018750.1.region025,845,9
201585,NZ_CP023693.1.region009,561,0
214329,NZ_CP023693.1.region009,797,1
200946,NZ_CP023693.1.region009,845,2
203601,NZ_PDCL01000001.1.region009,580,0
213140,NZ_PDCL01000001.1.region009,666,1
200946,NZ_PDCL01000001.1.region009,827,2
202780,NZ_PDCL01000001.1.region009,852,3
210179,NZ_PDCL01000001.1.region009,871,4
203037,NZ_PDCL01000001.1.region009,894,5
203601,NZ_BNBE01000002.1.region010,782,0
213140,NZ_BNBE01000002.1.region010,848,1
203601,NZ_CP029195.1.region018,669,0
208355,NZ_CP029195.1.region018,798,1
200946,NZ_CP029195.1.region018,826,2
207795,NZ_CP029195.1.region018,882,3
213140,NZ_CP029195.1.region018,885,4
203037,NZ_CP029195.1.region018,890,5
210179,NZ_CP029195.1.region018,894,6
201821,NZ_CP029195.1.region011,804,0
201821,NZ_JAJNOJ010000002.1.region013,727,0
201821,NZ_KZ819169.1.region002,701,0
200946,NZ_KZ819169.1.region002,890,1
201821,NZ_LQYF01000001.1.region008,701,0
200946,NZ_LQYF01000001.1.region008,890,1
201821,NZ_CP027022.1.region010,701,0
200946,NZ_CP027022.1.region010,890,1
201821,NZ_CP023693.1.region014,701,0
200946,NZ_CP023693.1.region014,890,1
201821,NZ_BNBE01000001.1.region004,730,0
200946,NZ_BNBE01000001.1.region004,890,1
201821,NZ_JAAMPB010000002.1.region010,701,0
200946,NZ_JAAMPB010000002.1.region010,890,1
201821,NZ_PDCL01000002.1.region010,730,0
200946,NZ_PDCL01000002.1.region010,890,1
201821,NZ_JAIHBQ010000001.1.region010,727,0
200946,NZ_JAIHBQ010000001.1.region010,890,1
201585,NZ_CP029194.1.region021,741,0
214329,NZ_CP029194.1.region021,819,1
201585,NZ_JAJNOJ010000002.1.region023,826,0
201585,NZ_CP027022.1.region015,806,0
201585,NZ_LQYF01000001.1.region013,806,0
201585,NZ_JAAMPB010000001.1.region004,561,0
214329,NZ_JAAMPB010000001.1.region004,797,1
200946,NZ_JAAMPB010000001.1.region004,845,2
201585,NZ_KZ819171.1.region001,561,0
214329,NZ_KZ819171.1.region001,797,1
200946,NZ_KZ819171.1.region001,845,2
200946,NZ_CP029196.1.region016,664,0
201585,NZ_CP029196.1.region016,736,1
203037,NZ_CP029196.1.region016,768,2
213140,NZ_CP029196.1.region016,768,3
210179,NZ_CP029196.1.region016,769,4
208355,NZ_CP029196.1.region016,782,5
202085,NZ_CP029196.1.region016,803,6
212849,NZ_CP029196.1.region016,815,7
214329,NZ_CP029196.1.region016,828,8
202433,NZ_CP029196.1.region016,831,9
200946,NZ_WWHE01000001.1.region017,664,0
201585,NZ_WWHE01000001.1.region017,736,1
203037,NZ_WWHE01000001.1.region017,768,2
213140,NZ_WWHE01000001.1.region017,768,3
210179,NZ_WWHE01000001.1.region017,769,4
208355,NZ_WWHE01000001.1.region017,782,5
202085,NZ_WWHE01000001.1.region017,803,6
212849,NZ_WWHE01000001.1.region017,815,7
214329,NZ_WWHE01000001.1.region017,828,8
202433,NZ_WWHE01000001.1.region017,831,9
200946,NZ_CP029197.1.region017,664,0
201585,NZ_CP029197.1.region017,736,1
203037,NZ_CP029197.1.region017,768,2
213140,NZ_CP029197.1.region017,768,3
210179,NZ_CP029197.1.region017,769,4
208355,NZ_CP029197.1.region017,782,5
202085,NZ_CP029197.1.region017,803,6
212849,NZ_CP029197.1.region017,815,7
214329,NZ_CP029197.1.region017,828,8
202433,NZ_CP029197.1.region017,831,9
200946,NZ_CP018074.1.region017,664,0
201585,NZ_CP018074.1.region017,736,1
203037,NZ_CP018074.1.region017,768,2
213140,NZ_CP018074.1.region017,768,3
210179,NZ_CP018074.1.region017,769,4
208355,NZ_CP018074.1.region017,782,5
202085,NZ_CP018074.1.region017,803,6
212849,NZ_CP018074.1.region017,815,7
214329,NZ_CP018074.1.region017,828,8
202433,NZ_CP018074.1.region017,831,9
200946,NC_018750.1.region017,664,0
201585,NC_018750.1.region017,736,1
203037,NC_018750.1.region017,768,2
213140,NC_018750.1.region017,768,3
210179,NC_018750.1.region017,769,4
208355,NC_018750.1.region017,782,5
202085,NC_018750.1.region017,803,6
212849,NC_018750.1.region017,815,7
214329,NC_018750.1.region017,828,8
202433,NC_018750.1.region017,831,9
200946,NZ_CP029195.1.region013,643,0
201585,NZ_CP029195.1.region013,705,1
203037,NZ_CP029195.1.region013,749,2
213140,NZ_CP029195.1.region013,750,3
210179,NZ_CP029195.1.region013,750,4
208355,NZ_CP029195.1.region013,764,5
202085,NZ_CP029195.1.region013,788,6
214329,NZ_CP029195.1.region013,800,7
212849,NZ_CP029195.1.region013,810,8
202433,NZ_CP029195.1.region013,813,9
214329,NZ_CP029194.1.region013,477,0
201585,NZ_CP029194.1.region013,845,1
200946,NZ_JAIHBQ010000001.1.region014,643,0
201585,NZ_JAIHBQ010000001.1.region014,702,1
203037,NZ_JAIHBQ010000001.1.region014,745,2
210179,NZ_JAIHBQ010000001.1.region014,751,3
213140,NZ_JAIHBQ010000001.1.region014,752,4
208355,NZ_JAIHBQ010000001.1.region014,762,5
201821,NZ_JAIHBQ010000001.1.region014,777,6
202085,NZ_JAIHBQ010000001.1.region014,788,7
214329,NZ_JAIHBQ010000001.1.region014,799,8
202433,NZ_JAIHBQ010000001.1.region014,811,9
200946,NZ_JAJNOJ010000002.1.region017,611,0
201585,NZ_JAJNOJ010000002.1.region017,679,1
203037,NZ_JAJNOJ010000002.1.region017,725,2
210179,NZ_JAJNOJ010000002.1.region017,727,3
213140,NZ_JAJNOJ010000002.1.region017,729,4
208355,NZ_JAJNOJ010000002.1.region017,740,5
202085,NZ_JAJNOJ010000002.1.region017,764,6
214329,NZ_JAJNOJ010000002.1.region017,777,7
212849,NZ_JAJNOJ010000002.1.region017,791,8
202433,NZ_JAJNOJ010000002.1.region017,791,9
214329,NZ_JAIHBQ010000001.1.region013,367,0
201585,NZ_JAIHBQ010000001.1.region013,745,1
200946,NZ_JAIHBQ010000001.1.region013,842,2
200946,NZ_JAGIPC010000001.1.region017,638,0
201585,NZ_JAGIPC010000001.1.region017,692,1
203037,NZ_JAGIPC010000001.1.region017,750,2
210179,NZ_JAGIPC010000001.1.region017,752,3
213140,NZ_JAGIPC010000001.1.region017,753,4
208355,NZ_JAGIPC010000001.1.region017,764,5
202085,NZ_JAGIPC010000001.1.region017,768,6
214329,NZ_JAGIPC010000001.1.region017,790,7
212849,NZ_JAGIPC010000001.1.region017,799,8
202433,NZ_JAGIPC010000001.1.region017,814,9
214329,NZ_BNBE01000001.1.region006,367,0
201585,NZ_BNBE01000001.1.region006,745,1
200946,NZ_BNBE01000001.1.region006,842,2
214329,NZ_JAJNOJ010000002.1.region016,358,0
201585,NZ_JAJNOJ010000002.1.region016,745,1
200946,NZ_JAJNOJ010000002.1.region016,842,2
214329,NZ_CP029195.1.region012,440,0
201585,NZ_CP029195.1.region012,654,1
200946,NZ_CP029195.1.region012,735,2
202085,NZ_CP029195.1.region012,808,3
203037,NZ_CP029195.1.region012,829,4
210179,NZ_CP029195.1.region012,833,5
213140,NZ_CP029195.1.region012,834,6
208355,NZ_CP029195.1.region012,845,7
212849,NZ_CP029195.1.region012,887,8
202433,NZ_CP029195.1.region012,888,9
214329,NZ_CP027022.1.region011,439,0
201585,NZ_CP027022.1.region011,667,1
200946,NZ_CP027022.1.region011,737,2
202085,NZ_CP027022.1.region011,826,3
203037,NZ_CP027022.1.region011,829,4
210179,NZ_CP027022.1.region011,833,5
213140,NZ_CP027022.1.region011,834,6
208355,NZ_CP027022.1.region011,845,7
202433,NZ_CP027022.1.region011,888,8
201637,NZ_CP027022.1.region011,894,9
214329,NZ_CP029197.1.region018,439,0
201585,NZ_CP029197.1.region018,667,1
200946,NZ_CP029197.1.region018,737,2
202085,NZ_CP029197.1.region018,826,3
203037,NZ_CP029197.1.region018,829,4
210179,NZ_CP029197.1.region018,833,5
213140,NZ_CP029197.1.region018,834,6
208355,NZ_CP029197.1.region018,845,7
202433,NZ_CP029197.1.region018,888,8
201637,NZ_CP029197.1.region018,894,9
214329,NC_018750.1.region018,439,0
201585,NC_018750.1.region018,667,1
200946,NC_018750.1.region018,737,2
202085,NC_018750.1.region018,826,3
203037,NC_018750.1.region018,829,4
210179,NC_018750.1.region018,833,5
213140,NC_018750.1.region018,834,6
208355,NC_018750.1.region018,845,7
202433,NC_018750.1.region018,888,8
201637,NC_018750.1.region018,894,9
214329,NZ_WWHE01000001.1.region018,439,0
201585,NZ_WWHE01000001.1.region018,667,1
200946,NZ_WWHE01000001.1.region018,737,2
202085,NZ_WWHE01000001.1.region018,826,3
203037,NZ_WWHE01000001.1.region018,829,4
210179,NZ_WWHE01000001.1.region018,833,5
213140,NZ_WWHE01000001.1.region018,834,6
208355,NZ_WWHE01000001.1.region018,845,7
202433,NZ_WWHE01000001.1.region018,888,8
201637,NZ_WWHE01000001.1.region018,894,9
214329,NZ_CP059991.1.region022,366,0
201585,NZ_CP059991.1.region022,745,1
200946,NZ_CP059991.1.region022,842,2
214329,NZ_CP029196.1.region017,439,0
201585,NZ_CP029196.1.region017,667,1
200946,NZ_CP029196.1.region017,737,2
202085,NZ_CP029196.1.region017,826,3
203037,NZ_CP029196.1.region017,829,4
210179,NZ_CP029196.1.region017,833,5
213140,NZ_CP029196.1.region017,834,6
208355,NZ_CP029196.1.region017,845,7
202433,NZ_CP029196.1.region017,888,8
201637,NZ_CP029196.1.region017,894,9
214329,NZ_PDCL01000002.1.region012,367,0
201585,NZ_PDCL01000002.1.region012,745,1
200946,NZ_PDCL01000002.1.region012,842,2
214329,NZ_CP018074.1.region018,439,0
201585,NZ_CP018074.1.region018,667,1
200946,NZ_CP018074.1.region018,737,2
202085,NZ_CP018074.1.region018,826,3
203037,NZ_CP018074.1.region018,829,4
210179,NZ_CP018074.1.region018,833,5
213140,NZ_CP018074.1.region018,834,6
208355,NZ_CP018074.1.region018,845,7
202433,NZ_CP018074.1.region018,888,8
201637,NZ_CP018074.1.region018,894,9
214329,NZ_KZ819169.1.region001,439,0
201585,NZ_KZ819169.1.region001,667,1
200946,NZ_KZ819169.1.region001,737,2
202085,NZ_KZ819169.1.region001,826,3
203037,NZ_KZ819169.1.region001,829,4
210179,NZ_KZ819169.1.region001,833,5
213140,NZ_KZ819169.1.region001,834,6
208355,NZ_KZ819169.1.region001,845,7
202433,NZ_KZ819169.1.region001,888,8
201637,NZ_KZ819169.1.region001,894,9
214329,NZ_JAGIPC010000001.1.region018,366,0
201585,NZ_JAGIPC010000001.1.region018,745,1
200946,NZ_JAGIPC010000001.1.region018,842,2
214329,NZ_LQYF01000001.1.region009,439,0
201585,NZ_LQYF01000001.1.region009,667,1
200946,NZ_LQYF01000001.1.region009,737,2
202085,NZ_LQYF01000001.1.region009,826,3
203037,NZ_LQYF01000001.1.region009,829,4
210179,NZ_LQYF01000001.1.region009,833,5
213140,NZ_LQYF01000001.1.region009,834,6
208355,NZ_LQYF01000001.1.region009,845,7
202433,NZ_LQYF01000001.1.region009,888,8
201637,NZ_LQYF01000001.1.region009,894,9
214329,NZ_CP023693.1.region013,439,0
201585,NZ_CP023693.1.region013,667,1
200946,NZ_CP023693.1.region013,737,2
202085,NZ_CP023693.1.region013,826,3
203037,NZ_CP023693.1.region013,829,4
210179,NZ_CP023693.1.region013,833,5
213140,NZ_CP023693.1.region013,834,6
208355,NZ_CP023693.1.region013,845,7
202433,NZ_CP023693.1.region013,888,8
201637,NZ_CP023693.1.region013,894,9
203993,NZ_JAIHBQ010000001.1.region002,703,0
203993,NZ_BNBE01000004.1.region003,622,0
210179,NZ_BNBE01000004.1.region003,889,1
203993,NZ_PDCL01000002.1.region004,622,0
210179,NZ_PDCL01000002.1.region004,889,1
200946,NZ_JAGIPC010000001.1.region005,864,0
210179,NZ_BNBE01000004.1.region002,422,0
200946,NZ_BNBE01000004.1.region002,562,1
227201,NZ_BNBE01000004.1.region002,654,2
203037,NZ_BNBE01000004.1.region002,656,3
213140,NZ_BNBE01000004.1.region002,659,4
208355,NZ_BNBE01000004.1.region002,672,5
203993,NZ_BNBE01000004.1.region002,706,6
202433,NZ_BNBE01000004.1.region002,729,7
201637,NZ_BNBE01000004.1.region002,732,8
203823,NZ_BNBE01000004.1.region002,743,9
210179,NZ_PDCL01000002.1.region003,422,0
200946,NZ_PDCL01000002.1.region003,562,1
227201,NZ_PDCL01000002.1.region003,654,2
203037,NZ_PDCL01000002.1.region003,656,3
213140,NZ_PDCL01000002.1.region003,659,4
208355,NZ_PDCL01000002.1.region003,672,5
203993,NZ_PDCL01000002.1.region003,706,6
202433,NZ_PDCL01000002.1.region003,729,7
201637,NZ_PDCL01000002.1.region003,732,8
203823,NZ_PDCL01000002.1.region003,743,9
203993,NZ_WWHE01000001.1.region029,888,0
203993,NC_018750.1.region029,888,0
218420,NZ_CP059991.1.region002,481,0
203993,NZ_CP029197.1.region029,888,0
203993,NZ_CP018074.1.region029,888,0
203993,NZ_CP029196.1.region028,852,0
202774,NZ_JAJNOJ010000002.1.region024,873,0
215277,NZ_BNBE01000002.1.region002,231,0
201682,NZ_BNBE01000002.1.region002,441,1
200946,NZ_BNBE01000002.1.region002,597,2
201592,NZ_BNBE01000002.1.region002,602,3
202312,NZ_BNBE01000002.1.region002,621,4
201011,NZ_BNBE01000002.1.region002,653,5
218961,NZ_BNBE01000002.1.region002,663,6
201648,NZ_BNBE01000002.1.region002,681,7
203037,NZ_BNBE01000002.1.region002,685,8
213140,NZ_BNBE01000002.1.region002,686,9
200946,NZ_CP023693.1.region020,621,0
203037,NZ_CP023693.1.region020,703,1
210179,NZ_CP023693.1.region020,707,2
213140,NZ_CP023693.1.region020,712,3
208355,NZ_CP023693.1.region020,720,4
202433,NZ_CP023693.1.region020,771,5
201637,NZ_CP023693.1.region020,783,6
201682,NZ_CP023693.1.region020,787,7
201830,NZ_CP023693.1.region020,794,8
201821,NZ_CP023693.1.region020,797,9
200946,NZ_JAAMPB010000002.1.region004,621,0
203037,NZ_JAAMPB010000002.1.region004,703,1
210179,NZ_JAAMPB010000002.1.region004,707,2
213140,NZ_JAAMPB010000002.1.region004,712,3
208355,NZ_JAAMPB010000002.1.region004,720,4
202433,NZ_JAAMPB010000002.1.region004,771,5
201637,NZ_JAAMPB010000002.1.region004,783,6
201682,NZ_JAAMPB010000002.1.region004,787,7
201830,NZ_JAAMPB010000002.1.region004,794,8
201821,NZ_JAAMPB010000002.1.region004,797,9
200946,NZ_KZ819169.1.region008,621,0
203037,NZ_KZ819169.1.region008,703,1
210179,NZ_KZ819169.1.region008,707,2
213140,NZ_KZ819169.1.region008,712,3
208355,NZ_KZ819169.1.region008,720,4
202433,NZ_KZ819169.1.region008,771,5
201637,NZ_KZ819169.1.region008,783,6
201682,NZ_KZ819169.1.region008,787,7
201830,NZ_KZ819169.1.region008,794,8
201821,NZ_KZ819169.1.region008,797,9
210179,NZ_JAGIPC010000001.1.region001,551,0
227201,NZ_JAGIPC010000001.1.region001,657,1
200946,NZ_JAGIPC010000001.1.region001,721,2
203823,NZ_JAGIPC010000001.1.region001,769,3
208355,NZ_JAGIPC010000001.1.region001,792,4
213140,NZ_JAGIPC010000001.1.region001,794,5
203037,NZ_JAGIPC010000001.1.region001,796,6
219881,NZ_JAGIPC010000001.1.region001,808,7
203605,NZ_JAGIPC010000001.1.region001,829,8
228366,NZ_JAGIPC010000001.1.region001,840,9
215277,NZ_CP023693.1.region001,658,0
201682,NZ_CP023693.1.region001,743,1
200946,NZ_CP023693.1.region001,844,2
201592,NZ_CP023693.1.region001,850,3
202312,NZ_CP023693.1.region001,878,4
218961,NZ_CP023693.1.region001,887,5
201011,NZ_CP023693.1.region001,896,6
215277,NZ_KZ819172.1.region002,658,0
201682,NZ_KZ819172.1.region002,743,1
200946,NZ_KZ819172.1.region002,844,2
201592,NZ_KZ819172.1.region002,850,3
202312,NZ_KZ819172.1.region002,878,4
218961,NZ_KZ819172.1.region002,887,5
201011,NZ_KZ819172.1.region002,896,6
202774,NZ_CP029196.1.region008,817,0
202774,NZ_CP059991.1.region011,838,0
200946,NZ_JAJNOJ010000002.1.region030,900,0
202047,NZ_CP029196.1.region002,735,0
210179,NZ_CP029196.1.region002,814,1
200946,NZ_CP029196.1.region002,897,2
201592,NZ_CP059991.1.region032,753,0
201637,NZ_CP059991.1.region032,864,1
215277,NZ_CP059991.1.region032,865,2
224066,NZ_BNBE01000002.1.region012,673,0
215277,NZ_LQYF01000005.1.region001,658,0
201682,NZ_LQYF01000005.1.region001,743,1
200946,NZ_LQYF01000005.1.region001,844,2
201592,NZ_LQYF01000005.1.region001,850,3
202312,NZ_LQYF01000005.1.region001,878,4
218961,NZ_LQYF01000005.1.region001,887,5
201011,NZ_LQYF01000005.1.region001,896,6
215277,NZ_JAAMPB010000007.1.region001,658,0
201682,NZ_JAAMPB010000007.1.region001,743,1
200946,NZ_JAAMPB010000007.1.region001,844,2
201592,NZ_JAAMPB010000007.1.region001,850,3
202312,NZ_JAAMPB010000007.1.region001,878,4
218961,NZ_JAAMPB010000007.1.region001,887,5
201011,NZ_JAAMPB010000007.1.region001,896,6
215277,NZ_CP027022.1.region022,658,0
201682,NZ_CP027022.1.region022,743,1
200946,NZ_CP027022.1.region022,844,2
201592,NZ_CP027022.1.region022,850,3
202312,NZ_CP027022.1.region022,878,4
218961,NZ_CP027022.1.region022,887,5
201011,NZ_CP027022.1.region022,896,6
215277,NZ_JAIHBQ010000001.1.region028,789,0
201682,NZ_JAIHBQ010000001.1.region028,841,1
202047,NZ_CP029197.1.region002,731,0
210179,NZ_CP029197.1.region002,814,1
200946,NZ_CP029197.1.region002,893,2
202047,NZ_CP018074.1.region002,731,0
210179,NZ_CP018074.1.region002,814,1
200946,NZ_CP018074.1.region002,893,2
202047,NC_018750.1.region002,731,0
210179,NC_018750.1.region002,814,1
200946,NC_018750.1.region002,893,2
202047,NZ_WWHE01000001.1.region002,731,0
210179,NZ_WWHE01000001.1.region002,814,1
200946,NZ_WWHE01000001.1.region002,893,2
202047,NZ_JAGIPC010000001.1.region008,742,0
210179,NZ_JAGIPC010000001.1.region008,813,1
200946,NZ_JAGIPC010000001.1.region008,894,2
202078,NZ_KZ819172.1.region001,629,0
200946,NZ_KZ819172.1.region001,734,1
203015,NZ_KZ819172.1.region001,796,2
210179,NZ_KZ819172.1.region001,810,3
203037,NZ_KZ819172.1.region001,811,4
213140,NZ_KZ819172.1.region001,814,5
208355,NZ_KZ819172.1.region001,822,6
202433,NZ_KZ819172.1.region001,868,7
201637,NZ_KZ819172.1.region001,878,8
201682,NZ_KZ819172.1.region001,883,9
202047,NZ_JAJNOJ010000002.1.region027,695,0
210179,NZ_JAJNOJ010000002.1.region027,773,1
200946,NZ_JAJNOJ010000002.1.region027,857,2
210086,NZ_CP023693.1.region004,497,0
210086,NZ_LQYF01000002.1.region003,497,0
210086,NZ_CP027022.1.region019,493,0
210086,NZ_KZ819172.1.region005,497,0
203048,NZ_JAIHBQ010000001.1.region012,704,0
216473,NZ_JAIHBQ010000001.1.region012,894,1
203993,NZ_JAGIPC010000001.1.region030,706,0
202047,NZ_CP029194.1.region028,703,0
210179,NZ_CP029194.1.region028,773,1
200946,NZ_CP029194.1.region028,857,2
210179,NZ_BNBE01000002.1.region006,707,0
200946,NZ_BNBE01000002.1.region006,796,1
202047,NZ_BNBE01000002.1.region006,825,2
227201,NZ_BNBE01000002.1.region006,867,3
203037,NZ_BNBE01000002.1.region006,869,4
213140,NZ_BNBE01000002.1.region006,871,5
208355,NZ_BNBE01000002.1.region006,880,6
207142,NZ_BNBE01000002.1.region006,884,7
207413,NZ_BNBE01000002.1.region006,896,8
225087,NZ_JAIHBQ010000001.1.region006,255,0
201943,NZ_JAGIPC010000001.1.region002,569,0
208234,NZ_JAGIPC010000001.1.region002,696,1
208202,NZ_JAGIPC010000001.1.region002,849,2
202047,NZ_CP029195.1.region028,731,0
210179,NZ_CP029195.1.region028,814,1
200946,NZ_CP029195.1.region028,893,2
210086,NZ_JAAMPB010000003.1.region005,493,0
210179,NZ_PDCL01000001.1.region005,707,0
200946,NZ_PDCL01000001.1.region005,796,1
202047,NZ_PDCL01000001.1.region005,825,2
227201,NZ_PDCL01000001.1.region005,867,3
203037,NZ_PDCL01000001.1.region005,869,4
213140,NZ_PDCL01000001.1.region005,871,5
208355,NZ_PDCL01000001.1.region005,880,6
207142,NZ_PDCL01000001.1.region005,884,7
207413,NZ_PDCL01000001.1.region005,896,8
204968,NZ_LQYF01000004.1.region001,699,0
202162,NZ_LQYF01000004.1.region001,798,1
204968,NZ_CP027023.1.region001,699,0
202162,NZ_CP027023.1.region001,798,1
219541,NZ_BNBE01000001.1.region009,716,0
219541,NZ_CP018074.1.region010,0,0
219541,NC_018750.1.region010,0,0
219541,NZ_CP029197.1.region010,0,0
219541,NZ_CP029195.1.region020,170,0
219541,NZ_WWHE01000001.1.region010,0,0
200946,NZ_CP059991.1.region017,715,0
213140,NZ_CP059991.1.region017,786,1
203037,NZ_CP059991.1.region017,786,2
210179,NZ_CP059991.1.region017,789,3
208355,NZ_CP059991.1.region017,801,4
201821,NZ_CP059991.1.region017,827,5
202433,NZ_CP059991.1.region017,845,6
201637,NZ_CP059991.1.region017,857,7
201682,NZ_CP059991.1.region017,857,8
201830,NZ_CP059991.1.region017,868,9
201830,NZ_BNBE01000003.1.region001,594,0
200946,NZ_BNBE01000003.1.region001,742,1
208857,NZ_BNBE01000003.1.region001,765,2
203037,NZ_BNBE01000003.1.region001,804,3
210179,NZ_BNBE01000003.1.region001,816,4
213140,NZ_BNBE01000003.1.region001,817,5
208355,NZ_BNBE01000003.1.region001,822,6
203561,NZ_BNBE01000003.1.region001,841,7
202433,NZ_BNBE01000003.1.region001,874,8
202041,NZ_BNBE01000003.1.region001,878,9
221786,NZ_JAJNOJ010000002.1.region021,721,0
221786,NZ_JAGIPC010000001.1.region013,630,0
214468,NZ_PDCL01000002.1.region005,0,0
202078,NZ_PDCL01000001.1.region001,882,0
202766,NZ_JAGIPC010000001.1.region032,580,0
202078,NZ_JAJNOJ010000002.1.region007,728,0
202766,NZ_JAJNOJ010000002.1.region001,590,0
213140,NZ_JAGIPC010000001.1.region027,817,0
202078,NZ_JAGIPC010000001.1.region027,824,1
200946,NZ_JAGIPC010000001.1.region027,881,2
202766,NZ_CP018074.1.region005,564,0
202766,NZ_CP029197.1.region005,564,0
202766,NZ_CP029196.1.region005,564,0
202766,NC_018750.1.region005,564,0
202766,NZ_WWHE01000001.1.region005,564,0
202766,NZ_CP029195.1.region025,564,0
201306,NZ_JAAMPB010000003.1.region002,773,0
214594,NZ_JAAMPB010000003.1.region002,828,1
200946,NZ_JAAMPB010000003.1.region002,839,2
202162,NZ_JAAMPB010000003.1.region002,845,3
201306,NZ_CP023693.1.region007,773,0
214594,NZ_CP023693.1.region007,828,1
200946,NZ_CP023693.1.region007,839,2
202162,NZ_CP023693.1.region007,845,3
225089,NZ_JAIHBQ010000001.1.region021,0,0
207295,NZ_BNBE01000002.1.region001,686,0
201943,NZ_KZ819169.1.region003,779,0
201943,NZ_CP027022.1.region009,779,0
201943,NZ_CP023693.1.region015,779,0
201943,NZ_JAJNOJ010000002.1.region033,636,0
208234,NZ_JAJNOJ010000002.1.region033,753,1
208202,NZ_JAJNOJ010000002.1.region033,882,2
214468,NZ_BNBE01000004.1.region004,0,0
201943,NZ_LQYF01000001.1.region007,784,0
201943,NZ_JAAMPB010000002.1.region009,779,0
201963,NC_018750.1.region023,600,0
201963,NZ_WWHE01000001.1.region023,600,0
201963,NZ_CP029197.1.region023,600,0
201963,NZ_CP018074.1.region023,600,0
201963,NZ_CP027022.1.region005,759,0
201963,NZ_CP029196.1.region022,605,0
201963,NZ_KZ819169.1.region007,741,0
201963,NZ_CP023693.1.region019,749,0
201963,NZ_JAAMPB010000002.1.region005,759,0
218572,NZ_CP059991.1.region013,887,0
201963,NZ_CP029195.1.region007,606,0
201963,NZ_JAIHBQ010000001.1.region008,658,0
201963,NZ_JAJNOJ010000002.1.region009,692,0
201963,NZ_JAGIPC010000001.1.region025,671,0
201963,NZ_CP029194.1.region008,684,0
201963,NZ_CP059991.1.region026,848,0
202078,NZ_CP059991.1.region027,548,0
200946,NZ_CP059991.1.region027,806,1
201821,NZ_CP059991.1.region027,871,2
213140,NZ_CP059991.1.region027,881,3
203015,NZ_CP059991.1.region027,882,4
210179,NZ_CP059991.1.region027,894,5
203037,NZ_CP059991.1.region027,896,6
201963,NZ_PDCL01000002.1.region006,810,0
201963,NZ_BNBE01000005.1.region001,809,0
206798,NZ_JAIHBQ010000001.1.region020,594,0
206798,NZ_PDCL01000001.1.region008,568,0
206798,NZ_BNBE01000002.1.region009,623,0
202773,NZ_CP029195.1.region026,352,0
202773,NZ_CP029196.1.region004,352,0
202773,NZ_CP029197.1.region004,343,0
202773,NZ_CP018074.1.region004,343,0
202773,NZ_WWHE01000001.1.region004,343,0
202773,NC_018750.1.region004,343,0
214086,NZ_CP029194.1.region020,783,0
202773,NZ_JAJNOJ010000002.1.region026,687,0
203490,NC_018750.1.region021,610,0
203490,NZ_CP029196.1.region020,610,0
203490,NZ_CP029197.1.region021,610,0
203490,NZ_CP018074.1.region021,610,0
203490,NZ_WWHE01000001.1.region021,610,0
203490,NZ_CP029195.1.region009,627,0
204384,NZ_CP029194.1.region004,810,0
209606,NZ_CP018074.1.region031,866,0
209606,NZ_CP029196.1.region030,858,0
209606,NC_018750.1.region031,866,0
209606,NZ_WWHE01000001.1.region031,866,0
209606,NZ_CP029197.1.region031,866,0
204385,NZ_CP029194.1.region014,571,0
204385,NZ_JAIHBQ010000001.1.region015,589,0
214471,NZ_PDCL01000001.1.region012,255,0
204385,NZ_CP029196.1.region015,597,0
204385,NZ_CP029195.1.region014,608,0
204385,NZ_CP018074.1.region016,594,0
204385,NZ_CP029197.1.region016,594,0
204385,NC_018750.1.region016,594,0
204385,NZ_WWHE01000001.1.region016,594,0
218422,NZ_CP059991.1.region008,879,0
202768,NZ_CP029197.1.region014,547,0
202768,NZ_CP029195.1.region016,537,0
202768,NZ_CP018074.1.region014,547,0
202768,NC_018750.1.region014,547,0
202768,NZ_CP059991.1.region021,502,0
202768,NZ_CP029196.1.region013,547,0
202768,NZ_CP029194.1.region015,395,0
202768,NZ_WWHE01000001.1.region014,547,0
202768,NZ_JAGIPC010000001.1.region015,632,0
202768,NZ_JAJNOJ010000002.1.region019,627,0
204385,NZ_BNBE01000001.1.region007,598,0
204385,NZ_PDCL01000001.1.region014,598,0
202771,NZ_CP029197.1.region030,321,0
202771,NZ_CP018074.1.region030,321,0
202771,NC_018750.1.region030,321,0
202771,NZ_CP029196.1.region029,223,0
202771,NZ_WWHE01000001.1.region030,321,0
201175,NZ_CP029196.1.region007,545,0
209606,NZ_CP029195.1.region001,224,0
213072,NZ_PDCL01000001.1.region010,825,0
213072,NZ_BNBE01000001.1.region011,839,0
201175,NZ_WWHE01000001.1.region007,549,0
201175,NC_018750.1.region007,549,0
201175,NZ_CP029197.1.region007,549,0
201175,NZ_CP018074.1.region007,549,0
202772,NZ_CP029195.1.region019,685,0
202772,NZ_CP018074.1.region011,684,0
202772,NZ_CP029197.1.region011,684,0
208355,NZ_CP029194.1.region002,840,0
201175,NZ_CP029195.1.region023,708,0
202772,NZ_CP029196.1.region010,671,0
202772,NC_018750.1.region011,684,0
202772,NZ_WWHE01000001.1.region011,684,0
214470,NZ_PDCL01000001.1.region003,736,0
204382,NZ_CP059991.1.region025,699,0
204382,NZ_CP029194.1.region009,382,0
214470,NZ_BNBE01000002.1.region004,792,0
212976,NZ_CP059991.1.region016,875,0
202770,NZ_JAIHBQ010000001.1.region003,620,0
211420,NZ_JAGIPC010000001.1.region006,713,0
202770,NZ_CP029195.1.region003,650,0
202770,NC_018750.1.region028,497,0
202770,NZ_WWHE01000001.1.region028,497,0
202770,NZ_CP029197.1.region028,497,0
202770,NZ_CP018074.1.region028,497,0
207319,NZ_JAAMPB010000003.1.region007,652,0
225086,NZ_JAIHBQ010000001.1.region027,480,0
202770,NZ_CP029196.1.region027,668,0
211420,NZ_JAJNOJ010000002.1.region029,815,0
214469,NZ_PDCL01000001.1.region004,0,0
214469,NZ_BNBE01000002.1.region005,0,0
216771,NZ_JAIHBQ010000001.1.region017,693,0
207319,NZ_CP023693.1.region002,350,0
207319,NZ_KZ819172.1.region003,333,0
207319,NZ_CP027022.1.region021,376,0
204381,NZ_CP029194.1.region027,551,0
204383,NZ_CP029194.1.region022,867,0
207318,NZ_CP027022.1.region003,636,0
207318,NZ_JAAMPB010000002.1.region002,764,0
204379,NZ_CP029194.1.region001,370,0
207318,NZ_CP023693.1.region022,799,0
207311,NZ_CP027022.1.region014,883,0
207311,NZ_LQYF01000001.1.region012,883,0
207314,NZ_CP023693.1.region006,382,0
218423,NZ_CP059991.1.region004,711,0
207315,NZ_CP027022.1.region007,306,0
225418,NZ_LQYF01000001.1.region011,0,0
225418,NZ_CP027022.1.region013,0,0
202775,NZ_CP029197.1.region020,293,0
202775,NZ_CP018074.1.region020,293,0
202775,NZ_CP029196.1.region019,449,0
204387,NZ_CP059991.1.region019,730,0
202775,NZ_CP029195.1.region010,599,0
207315,NZ_LQYF01000001.1.region005,398,0
207315,NZ_KZ819169.1.region005,306,0
207315,NZ_CP023693.1.region017,339,0
207315,NZ_JAAMPB010000002.1.region007,340,0
207314,NZ_LQYF01000002.1.region005,363,0
202767,NC_018750.1.region026,0,0
207314,NZ_JAAMPB010000003.1.region003,550,0
225083,NZ_JAIHBQ010000001.1.region001,891,0
207314,NZ_CP027022.1.region017,519,0
202767,NZ_WWHE01000001.1.region026,0,0
202767,NZ_CP029197.1.region026,0,0
207314,NZ_KZ819172.1.region007,382,0
202767,NZ_CP018074.1.region026,0,0
203489,NZ_CP029196.1.region025,0,0
202775,NZ_WWHE01000001.1.region020,465,0
202775,NC_018750.1.region020,465,0
223986,NZ_JAGIPC010000001.1.region020,891,0
204387,NZ_CP029194.1.region017,710,0
223987,NZ_JAGIPC010000001.1.region031,340,0
223985,NZ_JAJNOJ010000002.1.region005,595,0
223985,NZ_JAGIPC010000001.1.region029,457,0
204380,NZ_CP029194.1.region012,0,0
200956,NZ_CP029196.1.region003,529,0
207312,NZ_CP023693.1.region008,361,0
207317,NZ_LQYF01000002.1.region004,820,0
207312,NZ_LQYF01000002.1.region006,353,0
207312,NZ_KZ819172.1.region008,390,0
207312,NZ_JAAMPB010000003.1.region001,457,0
207312,NZ_CP027022.1.region016,422,0
207317,NZ_JAAMPB010000003.1.region004,876,0
207317,NZ_CP023693.1.region005,871,0
207317,NZ_CP027022.1.region018,824,0
207317,NZ_KZ819172.1.region006,772,0
200956,NZ_CP029195.1.region027,679,0
200956,NC_018750.1.region003,456,0
200956,NZ_WWHE01000001.1.region003,456,0
200956,NZ_CP018074.1.region003,456,0
200956,NZ_CP029197.1.region003,456,0
214473,NZ_PDCL01000002.1.region011,255,0
214473,NZ_BNBE01000001.1.region005,495,0
204378,NZ_CP029194.1.region024,360,0
204386,NZ_CP029194.1.region005,722,0
204386,NZ_CP059991.1.region030,860,0
202769,NC_018750.1.region022,407,0
202769,NZ_WWHE01000001.1.region022,407,0
202769,NZ_CP018074.1.region022,407,0
202769,NZ_CP029197.1.region022,407,0
202769,NZ_CP029196.1.region021,452,0
214472,NZ_BNBE01000001.1.region002,398,0
214472,NZ_PDCL01000002.1.region008,318,0
